region,total_orders,total_revenue,avg_order_value,revenue_std,min_order_value,max_order_value,unique_customers,total_items_sold,revenue_share_pct,order_share_pct,customer_share_pct,revenue_per_customer
East,11,734666.0,66787.81818181818,78118.04789268378,1365.0,244750.0,3,40,29.281099206021814,15.714285714285714,15.0,244888.66666666666
South,20,558701.0,27935.05,40612.76753938218,734.0,141120.0,4,52,22.267778020901464,28.57142857142857,20.0,139675.25
North,11,426899.0,38809.0,63801.01744329788,1184.0,210210.0,4,30,17.014632458765625,15.714285714285714,20.0,106724.75
Central,6,365714.0,60952.333333333336,80133.95709352351,2314.0,209935.0,3,19,14.5760221856341,8.571428571428571,15.0,121904.66666666667
Northeast,13,226679.0,17436.846153846152,19046.56761224164,710.0,58112.0,3,34,9.034595703247215,18.571428571428573,15.0,75559.66666666667
West,9,196352.0,21816.88888888889,20686.041407459066,2661.0,61975.0,3,34,7.825872425429781,12.857142857142856,15.0,65450.666666666664
