period,year,month,total_orders,total_revenue,avg_order_value,revenue_std,unique_customers,revenue_growth_pct,order_growth_pct
2025-07,2025,7,12,284526.0,23710.5,31562.2397623835,10,0.0,0.0
2025-08,2025,8,18,748638.0,41591.0,61256.3637155117,10,163.1176061238692,50.0
2025-09,2025,9,15,425377.0,28358.466666666667,54870.66296934309,13,-43.17988133116406,-16.666666666666664
2025-10,2025,10,20,719043.0,35952.15,44062.393407142445,11,69.03664278980763,33.33333333333333
2025-11,2025,11,5,331427.0,66285.4,91061.00762840261,5,-53.90720721848346,-75.0
